id,first_name,last_name,ssn_number
1,Samantha,Anderson,325-67-5557
2,James,Ross,487-20-5803
3,Benjamin,Richardson,786-44-2169
4,Nicole,Brooks,317-93-9179
5,Ronald,Chavez,742-30-7916
6,Scott,Rodriguez,619-23-5889
7,Samantha,Cook,935-18-9727
8,Jerry,Taylor,121-85-4770
9,Pamela,Lewis,926-62-4119
10,Richard,Gonzalez,287-45-8579
11,Ashley,Martinez,371-68-5673
12,Jason,Hughes,170-86-2113
13,Alexander,Walker,869-19-1152
14,Ryan,Richardson,999-27-5333
15,Joseph,Wilson,889-26-5291
16,Christopher,Patel,798-41-2684
17,Amanda,Jimenez,327-35-8541
18,Brian,Flores,694-43-1626
19,Susan,Kim,738-50-3041
20,Raymond,Hill,540-84-6279
21,Cynthia,Cruz,350-70-2193
22,Ryan,Turner,920-69-9702
23,Anna,Kim,340-44-6502
24,Kenneth,Cooper,888-84-1320
25,Maria,Kelly,841-31-8657
26,Thomas,Richardson,384-63-5133
27,William,Stewart,816-42-7043
28,Nancy,Cox,777-57-2129
29,Nicholas,Chavez,972-41-2419
30,Emily,Edwards,187-40-7658
31,Gary,Bailey,819-68-5438
32,Michelle,Allen,409-11-9751
33,Thomas,Scott,941-18-7565
34,Gary,Martinez,881-36-4457
35,Kimberly,James,803-39-5334
36,Benjamin,Ramos,378-74-9847
37,Amy,Cruz,750-72-2494
38,Jacob,Hall,891-61-9431
39,James,James,826-30-6091
40,Stephen,Johnson,492-34-9327
41,Janet,Moore,429-34-4912
42,Brenda,Roberts,115-28-7717
43,Katherine,Martin,200-91-2646
44,Jeffrey,Perez,734-97-4945
45,Amy,Howard,965-48-4263
46,Deborah,Morris,735-42-3240
47,Benjamin,Gonzalez,363-71-5835
48,Janet,Baker,210-96-4830
49,Jacob,Brown,564-57-9850
50,Rebecca,Ramos,507-45-4109
51,Jessica,Collins,233-79-5106
52,Daniel,Anderson,625-85-2786
53,Laura,Cook,229-45-9984
54,Catherine,Adams,420-64-6120
55,Christine,Allen,988-16-5712
56,Scott,Flores,284-44-6062
57,Carol,Hall,895-82-2391
58,Michael,Martin,794-96-8972
59,Angela,Bennett,279-26-7229
60,Jonathan,Price,121-51-3815
61,Emma,Collins,643-75-4176
62,Heather,Hall,550-18-8682
63,Jeffrey,Watson,573-84-1672
64,Laura,Kelly,472-57-5634
65,Deborah,Evans,709-20-6072
66,Anna,Carter,179-47-2657
67,Nicholas,Foster,646-40-6070
68,Jacob,Harris,185-30-5469
69,Laura,Rogers,128-50-2623
70,Catherine,Wood,894-46-4893
71,Joshua,Thomas,291-95-2402
72,Angela,Campbell,236-15-6772
73,Helen,Baker,934-79-8756
74,Steven,Jones,916-76-5369
75,William,Sanders,143-55-8126
76,Emily,Brooks,719-29-8371
77,Melissa,Mitchell,319-88-5678
78,Frank,Morales,329-25-4292
79,Sarah,Walker,560-69-9476
80,Brian,Taylor,750-80-5496
81,Thomas,Watson,757-48-8912
82,Ashley,Mendoza,233-57-9437
83,Anna,Wilson,294-30-9163
84,Shirley,Reyes,649-11-2761
85,Sharon,Moore,199-60-7114
86,Carol,Bailey,727-50-3662
87,Ronald,Ward,838-16-8871
88,Nancy,Ortiz,822-27-9498
89,Anthony,Bailey,821-36-9011
90,Kenneth,Morris,306-78-5442
91,Anna,Hughes,516-93-8793
92,Kathleen,Wood,109-48-2758
93,Kevin,Torres,279-88-7643
94,Jason,Rogers,696-83-1187
95,Kimberly,Wood,256-68-7121
96,Rebecca,Hughes,834-84-9008
97,Barbara,Rogers,533-54-2044
98,Helen,Davis,282-78-7439
99,Angela,Taylor,729-12-4943
100,Anthony,Rodriguez,342-48-3347
101,Gregory,Gutierrez,288-78-8758
102,Donald,Lewis,152-44-7179
103,Alexander,Cox,665-51-5637
104,Timothy,Reyes,116-43-7841
105,Donna,Martin,655-92-1962
106,Angela,Jones,106-78-7739
107,Mary,Williams,515-68-4984
108,Rachel,Lewis,335-37-8790
109,Paul,Garcia,909-98-2284
110,Nicholas,Myers,290-97-7227
111,William,Foster,879-44-2674
112,Thomas,Lopez,842-81-4977
113,Brenda,Gutierrez,469-42-5040
114,Raymond,Watson,717-98-4290
115,Kathleen,Green,548-47-2133
116,Edward,Gray,211-41-6816
117,Nancy,Chavez,453-13-8909
118,Susan,Nguyen,407-15-2885
119,Robert,Baker,706-64-7370
120,James,Price,456-55-8501
121,Emma,Thompson,290-72-9804
122,Frank,Chavez,518-97-9056
123,Rebecca,Price,374-79-7010
124,Helen,Long,981-88-8015
125,Nancy,Ward,987-93-3078
126,Rachel,Taylor,565-72-6362
127,Justin,Smith,147-22-8529
128,Robert,Thomas,505-90-6005
129,Raymond,Hughes,589-19-4751
130,Deborah,Lopez,730-97-8248
131,Margaret,Lopez,293-60-5842
132,Samuel,Miller,117-85-2106
133,Mary,King,308-29-9788
134,Dorothy,Gomez,267-73-6680
135,Eric,Gutierrez,156-73-3734
136,Melissa,Lee,329-51-5067
137,Rebecca,Castillo,666-68-1130
138,Melissa,Sanchez,877-94-7164
139,Jack,Sanders,617-27-7461
140,Elizabeth,Ramos,259-23-3693
141,Laura,Reyes,193-41-6828
142,Ronald,Rogers,302-61-7098
143,Debra,Watson,608-13-7270
144,Debra,Diaz,492-27-7868
145,Betty,Chavez,159-70-9674
146,Amanda,Foster,681-82-3328
147,Larry,Harris,921-51-1975
148,Robert,Jackson,328-95-3872
149,Timothy,Flores,271-91-2453
150,Patrick,Bennett,604-58-6754
151,Helen,Carter,849-19-9962
152,Barbara,Baker,150-60-9043
153,Karen,Miller,582-72-5341
154,Barbara,Chavez,187-95-6632
155,Helen,Evans,316-34-3067
156,Jennifer,Diaz,253-28-2641
157,Susan,Reed,807-40-1807
158,Janet,Stewart,292-66-4463
159,Edward,Patel,567-16-6904
160,Patrick,Sanchez,866-98-2480
161,Andrew,Brown,358-87-6004
162,Catherine,Price,593-18-6509
163,Emily,Brooks,497-14-4111
164,Carol,Castillo,328-49-7889
165,Kevin,Mitchell,305-53-7704
166,Larry,Collins,232-88-8105
167,Samantha,Diaz,232-23-7284
168,Nicholas,Ramos,333-38-3149
169,Margaret,Sanders,226-80-5140
170,Jacob,Hughes,723-35-5308
171,Eric,Sanchez,898-75-2229
172,Raymond,Castillo,971-15-1158
173,Sarah,James,764-31-2852
174,Thomas,Hughes,164-43-6148
175,Mary,Price,869-72-6253
176,Donald,Nelson,863-93-1291
177,Susan,Phillips,216-22-4633
178,James,Baker,944-34-6536
179,Susan,Long,496-94-6273
180,Nicholas,Roberts,803-54-3173
181,Patrick,Wood,373-30-5695
182,Debra,Allen,907-97-6122
183,Stephen,Miller,141-64-5572
184,Anna,King,288-76-2117
185,Nicholas,Lee,757-88-4994
186,Jennifer,Mendoza,184-22-3742
187,Jerry,Morgan,282-42-2154
188,Brenda,Robinson,396-97-5937
189,Nicole,Lopez,142-10-7456
190,Jonathan,Peterson,760-80-2198
191,Donna,Bennett,731-94-6008
192,Frank,Howard,467-49-8978
193,Stephen,Wilson,474-60-4658
194,Jerry,Ramos,679-82-3395
195,Jack,Sanders,140-93-6309
196,Susan,Price,242-66-3713
197,Sandra,Martinez,762-62-1367
198,Ashley,Garcia,988-71-3794
199,Mark,Evans,946-29-2577
200,Daniel,Stewart,535-27-5170
201,Kathleen,Foster,536-93-5155
202,Kimberly,Morgan,557-99-3650
203,Richard,Ramirez,723-14-7296
204,Stephanie,Ward,261-21-5520
205,Heather,Phillips,279-62-9294
206,Susan,Bailey,219-43-2106
207,Timothy,Brooks,323-83-5408
208,Lisa,Myers,882-79-1692
209,Kathleen,Mitchell,981-97-3863
210,Ryan,Thomas,288-73-7945
211,Anthony,Turner,925-11-3893
212,Rebecca,Murphy,469-56-5222
213,Brian,Williams,755-53-7911
214,Benjamin,Ward,288-12-3048
215,Carolyn,Walker,770-59-6068
216,Sandra,Young,636-91-9745
217,Michelle,Hall,804-72-8816
218,Joshua,Johnson,740-40-9464
219,Maria,Ward,255-16-9764
220,Robert,White,574-99-1519
221,Kevin,Hernandez,303-68-2539
222,Eric,Bennett,748-65-6316
223,Mary,Perez,464-92-3521
224,Rachel,Morgan,655-99-9029
225,Matthew,Reed,119-89-6965
226,Heather,Richardson,994-14-4310
227,Susan,Morales,671-63-7046
228,Patrick,Davis,790-68-7997
229,Susan,Perez,468-67-8331
230,Ronald,Smith,464-29-3267
231,Kimberly,Campbell,898-17-6478
232,Brian,Parker,870-86-9269
233,Barbara,Lewis,592-81-4245
234,Gary,Gomez,888-49-3773
235,Brian,Ward,412-67-8719
236,Robert,Nelson,770-11-2091
237,Deborah,James,674-12-1651
238,Ashley,Ortiz,668-45-4695
239,Karen,Baker,416-98-9582
240,Sarah,Parker,209-26-4026
241,Patricia,Ross,267-34-4707
242,John,Evans,837-50-7457
243,Brandon,Myers,270-64-5823
244,Brandon,Miller,192-42-6309
245,Frank,Wood,989-28-3930
246,Jerry,Alvarez,722-73-4897
247,Margaret,Ramos,783-83-5889
248,Kevin,Lopez,963-80-2063
249,Donna,Stewart,729-82-9132
250,Eric,Sanders,673-91-4478
251,Mary,Brooks,953-53-8849
252,Jacob,Jones,960-13-6556
253,Timothy,Watson,279-24-7131
254,John,Jimenez,841-14-8526
255,Deborah,Alvarez,383-78-6228
256,Jerry,Cruz,172-49-6549
257,Helen,Cruz,830-95-9740
258,William,Long,907-51-8426
259,Gary,Brown,645-69-7566
260,Pamela,Evans,433-81-2599
261,Jeffrey,Thompson,730-83-8326
262,Betty,Clark,981-46-1510
263,Donald,Parker,237-11-2175
264,Samuel,Williams,290-64-1121
265,Brenda,Murphy,351-70-2279
266,Debra,Brooks,162-90-8752
267,Justin,Perez,718-32-3476
268,Gregory,Edwards,315-83-6653
269,Michael,Chavez,395-67-7258
270,Alexander,Green,660-11-1138
271,David,Johnson,976-87-3128
272,Timothy,James,497-52-1984
273,Kimberly,King,174-19-5105
274,Heather,Edwards,653-38-1054
275,Deborah,Ruiz,776-34-5896
276,Rachel,Roberts,116-14-6558
277,Linda,Baker,276-90-1818
278,Michelle,Gonzalez,882-15-3841
279,Kevin,Rodriguez,106-10-3939
280,Barbara,Price,528-10-4860
281,Matthew,Thomas,760-56-5670
282,Anthony,Parker,303-96-6336
283,Sandra,Jimenez,282-59-7119
284,Sarah,Collins,402-87-3568
285,Samantha,Ward,687-10-7844
286,Jennifer,Garcia,344-92-2486
287,Robert,Morris,536-44-9887
288,Brenda,Clark,442-40-9841
289,Joseph,Wood,581-78-9730
290,Donna,Edwards,995-36-9530
291,Benjamin,Williams,597-85-9686
292,Stephen,Cruz,828-78-5673
293,Lisa,Thompson,559-79-3663
294,Jonathan,Hill,805-24-8847
295,Jennifer,Moore,793-95-2431
296,Shirley,Gomez,556-81-2435
297,Margaret,Sanders,106-62-5478
298,Rebecca,Thompson,407-91-8742
299,Jessica,Wood,624-83-1287
300,Kimberly,Lee,298-90-4002
301,Maria,Gonzalez,204-37-3532
302,Nicholas,Lewis,129-25-4643
303,Thomas,Ruiz,912-94-9412
304,Pamela,Davis,693-54-6770
305,Christopher,Cook,789-23-3963
306,Amanda,Carter,605-24-7304
307,Andrew,Collins,222-28-7468
308,Stephanie,Ruiz,782-87-7626
309,Gary,Rogers,491-87-6356
310,Karen,Hill,422-58-8250
311,Ryan,Jones,500-43-9105
312,Pamela,Carter,459-17-5001
313,Ashley,Walker,702-12-6185
314,Timothy,Kelly,960-78-4507
315,Andrew,King,543-94-9846
316,Kenneth,Sanchez,251-40-3465
317,Janet,Mendoza,128-41-6087
318,Cynthia,Morales,716-48-2041
319,Edward,Campbell,323-28-2750
320,Daniel,Ramirez,941-49-1345
321,Samuel,Cox,404-36-3625
322,Jeffrey,Watson,716-80-6353
323,Ryan,Ruiz,562-71-3187
324,Kimberly,Thompson,818-31-1815
325,Stephanie,Richardson,864-73-7259
326,Thomas,Parker,110-70-3182
327,Dorothy,Ruiz,734-58-5956
328,Ronald,Bennett,420-15-3095
329,Amy,Scott,287-14-8704
330,Kimberly,Lee,284-31-9335
331,Paul,Reed,129-20-8540
332,Patrick,James,508-42-3916
333,Donald,Foster,952-57-9399
334,Betty,Morales,763-97-3540
335,Amy,Ortiz,210-75-7961
336,Edward,Gonzalez,701-68-8371
337,Emma,King,989-94-8974
338,Joshua,Richardson,962-90-9824
339,Matthew,Lopez,683-60-1834
340,Kevin,Johnson,374-92-7834
341,Jacob,Anderson,400-59-7829
342,Alexander,Wood,314-81-1770
343,Robert,Rivera,887-15-5382
344,Karen,Ruiz,825-66-9288
345,Amy,Sanders,372-57-7799
346,George,Watson,422-61-3692
347,Sharon,Davis,814-54-7627
348,Heather,Sanchez,952-48-7926
349,Nicholas,Anderson,391-95-3293
350,Catherine,Carter,556-19-7050
351,Alexander,Ortiz,811-37-8461
352,Jacob,Jones,128-28-3328
353,Pamela,Turner,586-87-3175
354,Maria,Moore,824-13-6060
355,Anna,Chavez,511-85-1737
356,Gary,Williams,257-49-7672
357,Alexander,Perez,345-86-4874
358,Amy,Rogers,881-81-3057
359,Joshua,Reed,161-71-5477
360,Scott,Allen,921-50-6613
361,Samantha,King,880-60-9816
362,William,Wood,860-12-5606
363,Debra,Price,682-74-9093
364,Nancy,Peterson,542-62-5489
365,Jessica,Mendoza,806-64-2219
366,Ashley,Sanchez,941-52-9514
367,Donald,Martinez,204-96-1914
368,Anna,Miller,210-23-1201
369,Scott,Alvarez,625-93-6861
370,Michelle,Howard,755-35-2120
371,Carol,Harris,738-37-4916
372,Kathleen,Patel,144-13-4262
373,Betty,Torres,315-49-8474
374,Donald,Mitchell,908-29-6368
375,Ashley,Miller,829-57-9609
376,Frank,Morris,360-80-2388
377,Sarah,Long,379-58-1404
378,Daniel,Cruz,441-35-6394
379,Steven,Hill,840-36-8773
380,Sandra,Gutierrez,611-94-6810
381,Carol,Lewis,586-23-6387
382,Larry,Edwards,565-17-7039
383,Eric,Johnson,262-87-6084
384,Pamela,Sanchez,761-68-6681
385,Rachel,Alvarez,782-18-4559
386,Amy,Evans,490-53-7542
387,Matthew,Gomez,274-12-2646
388,Daniel,Nguyen,806-49-8274
389,Michael,Kim,198-95-3750
390,Raymond,Perez,115-61-6181
391,Mary,Roberts,746-99-7366
392,Alexander,Foster,416-40-8020
393,Dennis,Young,759-15-9533
394,Rebecca,Chavez,171-34-1853
395,Samantha,Jackson,410-46-8344
396,Samantha,Sanchez,974-20-5918
397,Scott,Morgan,104-11-9203
398,Carolyn,Castillo,361-54-9349
399,Patrick,Morales,112-24-2512
400,Samuel,Alvarez,375-36-7520
401,Rachel,Flores,286-74-2806
402,Laura,Reed,165-53-1486
403,Justin,Walker,444-57-6620
404,Kenneth,Walker,733-97-8785
405,Shirley,Evans,400-87-4196
406,Catherine,Jackson,545-13-3625
407,Dorothy,Roberts,365-24-5767
408,Barbara,Anderson,632-94-4639
409,Susan,Gomez,968-83-8836
410,Benjamin,Ramirez,532-96-8756
411,Brian,Long,398-28-4436
412,Margaret,Myers,707-65-3434
413,Benjamin,Castillo,222-24-2353
414,Jessica,Morales,932-99-1323
415,Ronald,Bailey,971-14-2386
416,Jessica,Cook,778-15-4884
417,John,Harris,360-96-7968
418,Frank,Jackson,644-24-9984
419,Edward,Rodriguez,702-72-2565
420,Angela,Hall,246-58-5380
421,Michael,Castillo,889-50-2476
422,Samantha,Hernandez,114-88-4115
423,Janet,Smith,274-57-2855
424,Carol,Gray,464-10-8542
425,Kevin,Hill,599-10-3549
426,Jerry,James,105-55-4251
427,Joseph,Harris,869-61-9222
428,Raymond,Patel,396-46-8961
429,William,Ross,975-85-3436
430,Sandra,Thomas,536-71-2005
431,Shirley,Diaz,392-70-5590
432,Nicole,Gonzalez,315-84-7292
433,Barbara,Wilson,663-42-6690
434,George,Edwards,176-31-8172
435,Dennis,Rogers,825-44-2951
436,Nancy,Lewis,822-80-5326
437,Raymond,Moore,432-44-4341
438,Justin,Watson,763-46-1344
439,Michelle,Lee,212-11-1716
440,Thomas,Young,349-17-9905
441,Frank,Wright,771-46-4700
442,Debra,Roberts,643-52-3971
443,Alexander,Diaz,838-71-2102
444,Joseph,Kelly,492-63-9144
445,Jonathan,Morgan,457-56-3283
446,Donna,Collins,957-86-3591
447,Patricia,Jackson,393-24-3554
448,Linda,Chavez,228-37-7560
449,Emma,Davis,179-56-6496
450,Patricia,Walker,422-21-6056
451,Mary,Rivera,588-85-1612
452,Donna,Lee,829-97-7350
453,Donald,Clark,690-56-6789
454,Barbara,Martinez,624-89-6138
455,Melissa,Hernandez,995-69-2531
456,Brian,Reyes,217-45-8447
457,John,Cooper,358-91-3885
458,William,Jackson,457-63-8890
459,Jacob,Morgan,911-96-7658
460,Kimberly,Gutierrez,933-56-1265
461,Joshua,Flores,655-65-7251
462,Andrew,James,328-68-7243
463,Joseph,Sanchez,524-14-1254
464,Patricia,Martin,547-39-2631
465,Patrick,Taylor,860-26-8433
466,Samantha,Watson,710-25-2754
467,Charles,Torres,484-50-8387
468,Christopher,White,321-56-2880
469,Margaret,Brown,297-42-3833
470,Betty,Mendoza,482-90-2052
471,Laura,Perez,772-57-7094
472,Charles,Jimenez,833-87-2225
473,Brenda,Chavez,705-59-4873
474,Brenda,Williams,424-54-7559
475,William,Bailey,982-98-8138
476,Mark,Perez,697-68-2964
477,Thomas,Green,775-92-4373
478,Frank,Martinez,771-29-9265
479,Susan,Taylor,862-24-4941
480,Robert,Collins,441-16-8230
481,Paul,Mitchell,217-16-1584
482,Brenda,Wright,822-86-5718
483,Carolyn,Smith,442-12-3908
484,Kimberly,Martinez,202-48-6499
485,Laura,Morales,775-28-6852
486,Amy,Brown,416-34-1673
487,Justin,Gutierrez,166-47-1255
488,Ryan,Garcia,188-44-3337
489,Carolyn,Sanchez,795-51-3280
490,Debra,Foster,615-97-6858
491,Cynthia,Rivera,873-60-3063
492,Stephanie,Bennett,818-36-9458
493,Charles,Bailey,206-70-1403
494,Nicholas,Cruz,274-75-9956
495,Betty,Stewart,223-82-7380
496,Mary,Howard,625-18-3858
497,Katherine,Martin,698-89-7615
498,David,Garcia,217-14-2194
499,Jeffrey,Ross,544-77-4150
500,Barbara,Howard,465-89-3258
